https://rpic.douyucdn.cn/live-cover/roomCover/cover_update/2019/10/15/982d95180efa60a50b851fd7e86ca2f2.jpg,KRKPL官方直播 VSG vs ESC,王者荣耀,王者荣耀韩国官方赛事,207.8万
https://rpic.douyucdn.cn/asrpic/191015/6530266_1514.png,二月：任务法上线,炉石传说,二月星满天,6.5万
https://rpic.douyucdn.cn/asrpic/191015/2353159_1513.png,皇妹：(#^.^#),lol云顶之弈,单手解bras,19.2万
https://rpic.douyucdn.cn/asrpic/191015/4334531_1514.png,国服后羿 带粉 最后2天,王者荣耀,1秒射8箭丶紫宸,37.7万
https://rpic.douyucdn.cn/live-cover/appCovers/2019/10/14/13_20191014155358.jpg,星娱乐交友,交友,星娛樂一阿Q交友,268.5万
https://rpic.douyucdn.cn/asrpic/191015/2150758_1513.png,【威廉】貂蝉是信仰,王者荣耀,William丶威廉,17.7万
https://rpic.douyucdn.cn/asrpic/191015/4676367_1514.png,有车位  小哥哥快进来呀,绝地求生,小艾同学呢,13.3万
https://rpic.douyucdn.cn/asrpic/191015/100_1508.png,【PCM】大师赛 决赛Day3 17点,绝地求生,斗鱼绝地赛事,178.9万
https://rpic.douyucdn.cn/live-cover/appCovers/2019/08/14/3853457_20190814094651_small.jpg,品，你细品 3853457,颜值,歌神韦爵爷,254.8万
https://rpic.douyucdn.cn/live-cover/appCovers/2019/10/06/4449807_20191006142449_small.jpg,没有盔甲，却有软肋,颜值,呆萌灵丶mm,4.7万
https://rpic.douyucdn.cn/asrpic/191015/9999_1513.png,随便娱乐！,DOTA2,yyfyyf,150.5万
https://rpic.douyucdn.cn/asrpic/191015/691696_1513.png,陈大少：一秒入冬，今天你嗯了吗？,欢乐麻将,暴Tui团丶淄博陈大少,137.5万
https://rpic.douyucdn.cn/asrpic/191015/156277_1513.png,六游记： a knights quest,解谜冒险,女流66,127.7万
https://rpic.douyucdn.cn/live-cover/appCovers/2019/08/01/1282190_20190801002745_small.jpg,顺其自然哦,颜值,鲸鱼一米八,167.7万
https://rpic.douyucdn.cn/asrpic/191015/7393434_1515.png,小蕾-国服瞎跳,舞蹈,小蕾国服瞎跳,5411
https://rpic.douyucdn.cn/live-cover/roomCover/cover_update/2019/10/14/dd1587ffc37bdd689af0fe5b12ef5229.jpg,重播丨14日18点VG vs DYG,王者荣耀,王者荣耀官方赛事,122.6万
https://rpic.douyucdn.cn/asrpic/191015/78561_1513.png,雪龅突击队：你的快乐，我来转,绝地求生,妃凌雪,122万
https://rpic.douyucdn.cn/asrpic/191015/475252_1508.png,云顶教父。吃鸡无数,英雄联盟,孙悟空丨兰林汉,117.3万
https://rpic.douyucdn.cn/live-cover/appCovers/2019/10/14/7651200_20191014150519_small.jpg,新人主播 距离你约0.1公里,颜值,发财有点甜,669
https://rpic.douyucdn.cn/asrpic/191015/533813_1508.png,公益直播课 支教留守娃,户外,TD丶正直博,128万
https://rpic.douyucdn.cn/asrpic/191015/288016_1508.png,S9小组赛第3日重播,英雄联盟,英雄联盟赛事,110.6万
https://rpic.douyucdn.cn/asrpic/191015/74751_1513.png,我可能玩了假的马里奥,马里奥制造,超级小桀,110.4万
https://rpic.douyucdn.cn/asrpic/191015/290935_1513.png,淑怡：争取做哑巴嗷,英雄联盟,不2不叫周淑怡,102.3万
https://rpic.douyucdn.cn/asrpic/191015/7596767_5324159_2c477_2_1517.jpg,想做你的太阳 7596767,颜值,Zero悠然,120.2万
https://rpic.douyucdn.cn/asrpic/191015/244548_1508.png,睿智兄弟_在广西来宾,户外,叶子户外,102.9万
https://rpic.douyucdn.cn/asrpic/191015/1144379_1513.png,挑战：充电五分钟丶开黑两小时,王者荣耀,雷婷丶,97.8万
https://rpic.douyucdn.cn/asrpic/191015/952595_1513.png,最骚二指！雷神花降临,和平精英,Dy花老湿,94万
https://rpic.douyucdn.cn/asrpic/191015/312212_1513.png,找比心小姐姐打游戏,英雄联盟,智勋勋勋勋,93万
https://rpic.douyucdn.cn/live-cover/appCovers/2019/10/06/4512675_20191006155707_small.jpg,我是谁的小可爱呀,颜值,猪猪莹妹儿丶,100.3万
https://rpic.douyucdn.cn/live-cover/appCovers/2019/10/05/6539854_20191005041316_small.jpg,50级冲呀！！！,颜值,野生的艾筱筱,17.3万
https://rpic.douyucdn.cn/asrpic/191015/5395900_1509.png,新版自我养猪流 坑哭队友,王者荣耀,A老回,86.5万
https://rpic.douyucdn.cn/live-cover/roomCover/cover_update/2019/10/12/f762e39a404a33ac106775e13921bae4.jpg,抽打造，今天谁能拿走7套金秋套。,DNF,DNF枪魂冰子,80.1万
https://rpic.douyucdn.cn/asrpic/191015/16101_1513.png,微笑：峡谷王者局！,英雄联盟,微笑,76.2万
https://rpic.douyucdn.cn/asrpic/191015/5944939_6936826_20f2a_2_1512.jpg,山高水远  总有人为我而来,颜值,大可爱冰冰啊,3.8万
https://rpic.douyucdn.cn/live-cover/appCovers/2019/09/21/701979_20190921192422_small.jpg,新歌《单行路》首发…,颜值,睡懵的小七,98.2万
https://rpic.douyucdn.cn/asrpic/191015/441868_1513.png,小马；虚空马刺配神枪手！,英雄联盟,小马Oo,70.7万
https://rpic.douyucdn.cn/asrpic/191015/84452_1513.png,阿飞)今日我要一张罗纳尔多,足球游戏,主播阿飞,66.8万
https://rpic.douyucdn.cn/asrpic/191015/4494106_1514.png,抓到你了，笨猪猪~ 4494106,和平精英,Forever浪子断,66.5万
https://rpic.douyucdn.cn/asrpic/191015/485503_1513.png,『二出好戏』男儿当自强,户外,彡彡九户外,97.8万
https://rpic.douyucdn.cn/live-cover/roomCover/2019/10/10/51cefbc47086a9accfc2b64296f39715_big.jpg,卑微主播哎,颜值,奶油阿宝猪猪子,2.9万
https://rpic.douyucdn.cn/asrpic/191015/687423_1513.png,YJJ-CSGO开箱,APEX英雄,yjjimpaopao,64.3万
https://rpic.douyucdn.cn/asrpic/191015/296059_1508.png,你们的小王来了！,绝地求生,4AM王欣,63.6万
https://rpic.douyucdn.cn/asrpic/191015/56040_1513.png,油条：一刀流中单蒙多,英雄联盟,主播油条,63.1万
https://rpic.douyucdn.cn/asrpic/191015/7514848_1515.png,肉肉的女生最性感 7514848,舞蹈,小奶油崽崽,8.8万
https://rpic.douyucdn.cn/asrpic/191015/7260758_6514997_57896_2_1509.jpg,新舞蹈主播求关注呀,舞蹈,亦亦ella,97.2万
https://rpic.douyucdn.cn/asrpic/191015/5503078_1514.png,多多自走棋国际邀请赛中国区预选重播,多多自走棋,imba自走棋,62.8万
https://rpic.douyucdn.cn/asrpic/191015/93589_1508.png,异灵术：欢迎来到冷面魔男的直播间,炉石传说,异灵术老师,60.6万
https://rpic.douyucdn.cn/live-cover/roomCover/cover_update/2019/10/12/23589f016d47e42ae2be8ea72c9cba62.jpg,史诗为什么他就那么多！,DNF,我是大坤坤啊,59.1万
https://rpic.douyucdn.cn/asrpic/191015/447507_1513.png,男儿当自强 337852,户外,洪湖小肖,97.1万
https://rpic.douyucdn.cn/live-cover/roomCover/2019/08/02/f2fa6b7c0359ba7ace7e284fe0f023c9_big.jpg,越努力越幸运~ 781869,颜值,美文咩,96.1万
https://rpic.douyucdn.cn/live-cover/roomCover/cover_update/2019/08/02/160b729213ff4f0f528ed7d0ebb0c989.png,皇室战争职业联赛秋季赛常规赛,皇室战争,Supercell游戏频道,56.8万
https://rpic.douyucdn.cn/live-cover/roomCover/cover_update/2019/07/03/4a6a2cd243d7ef564299c0d0e1b73cbd.jpg,郑州80it：小白搞机防坑,数码科技,80it电脑网,55.8万
https://rpic.douyucdn.cn/asrpic/191015/432854_1513.png,One Plus7T系列新品发布会,数码科技,斗鱼数码,53.8万
https://rpic.douyucdn.cn/live-cover/roomCover/2019/10/11/40ee31e7512a55af82e96e9b83a59a86_big.jpg,懂事的孩子没糖吃。,颜值,杨夕爱听周杰伦,7.1万
https://rpic.douyucdn.cn/asrpic/191015/2720288_1513.png,午夜陪伴档,二次元,白鹿姬o,87.1万
https://rpic.douyucdn.cn/asrpic/191015/5040227_1514.png,Q飞S联赛常规赛第二周,QQ飞车,QQ飞车手游官方直播间,53.6万
https://rpic.douyucdn.cn/live-cover/roomCover/cover_update/2019/10/14/8dd9a8820f92023a9b2a90c063d4142b.jpg,重播：剑网3“凌雪藏锋”武学直播首秀,剑网3,剑网3官方直播,51.1万
https://rpic.douyucdn.cn/asrpic/191015/115280_1513.png,再下117我****,绝地求生,少囧丶,50.2万
https://rpic.douyucdn.cn/asrpic/191015/4381982_1514.png,这个主播还不错！  4381982,舞蹈,你们伟大的灵哥,83.3万
https://rpic.douyucdn.cn/asrpic/191015/848337_1513.png,八点开启11级抓阄抽奖俄罗斯深度七日游,户外,俄罗斯教父,83.1万
https://rpic.douyucdn.cn/asrpic/191015/221741_1513.png,吸血书曜 天秀公孙离微信区,王者荣耀,渝万五百狸子3岁,47.4万
https://rpic.douyucdn.cn/asrpic/191015/4372875_1514.png,皇冠1v4大猛男队！挑战45杀ing~,和平精英,林熙Lxxi,45.9万
https://rpic.douyucdn.cn/asrpic/191015/249813_1508.png,云顶杨老八来啦~一会抽奖,英雄联盟,爷大干,44.4万
https://rpic.douyucdn.cn/asrpic/191015/5763963_1509.png,蛇类科普112期,乡野,蛇类科普蛇哥,79.1万
https://rpic.douyucdn.cn/asrpic/191015/430489_1508.png,【两出好戏】男儿当自强,户外,长沙乡村敢死队,74万
https://rpic.douyucdn.cn/asrpic/191015/14163_1513.png,草莓：云顶冲1300 5点抽奖~,英雄联盟,草莓,44.3万
https://rpic.douyucdn.cn/asrpic/191015/4926715_1509.png,全能慢慢.哈哈哈哈哈,王者荣耀,不如叫我慢慢,44万
https://rpic.douyucdn.cn/asrpic/191015/3567314_1514.png,峡谷之巅重回1000,英雄联盟,王纪超666,43.4万
https://rpic.douyucdn.cn/live-cover/appCovers/2019/08/23/5656277_20190823100947_small.jpg,今天也要记得爱我,颜值,美羊羊公举,60.3万
https://rpic.douyucdn.cn/live-cover/appCovers/2019/08/10/5362514_20190810123840_small.jpg,越努力越幸运！！！,颜值,Camille曼云,60万
https://rpic.douyucdn.cn/asrpic/191015/3652542_1514.png,【橙子】场均52杀猛男单人四排巨帅！,绝地求生,神秘嘉宾橙子,43.4万
https://rpic.douyucdn.cn/asrpic/191015/70231_1513.png,跳伞冠军开始跳伞~,绝地求生,恶魔qq,42.8万
https://rpic.douyucdn.cn/asrpic/191015/452628_1513.png,一加7T 新机发布会,数码科技,科技美学中国,42.6万
https://rpic.douyucdn.cn/asrpic/191015/5324159_7596767_2c477_2_1517.jpg,总有些惊喜的际遇,颜值,白菜mm丶,56.1万
https://rpic.douyucdn.cn/asrpic/191015/1409682_1508.png,【姽婳】第121天换装！挑战365天,一起看,一条小姽婳,45.3万
https://rpic.douyucdn.cn/live-cover/roomCover/cover_update/2019/10/08/4900f7b2aaec1db93ae412fe89655124.jpg,继续通关强者之路哈哈,DNF,大龙猫,42.5万
https://rpic.douyucdn.cn/asrpic/191015/160504_1513.png,周二无敌！,三国杀,丶砍你焉用菜刀,42.1万
https://rpic.douyucdn.cn/asrpic/191015/3226194_1514.png,2019IVC冬季精英赛抽签仪式,第5人格,网易第五人格,41.7万
https://rpic.douyucdn.cn/live-cover/appCovers/2019/08/23/4037229_20190823223146_small.jpg,keep it real 4037229,颜值,雅典娜是Athena丷,45.1万
https://rpic.douyucdn.cn/asrpic/191015/4189215_1514.png,迈凯伦决战酒吧街,户外,賈溜炮超酷的,42.2万
https://rpic.douyucdn.cn/asrpic/191015/5189167_1514.png,骆歆：云顶鸡王回来了！,英雄联盟,骆歆冲冲冲,40.5万
https://rpic.douyucdn.cn/live-cover/roomCover/cover_update/2019/09/19/0b66eedde6caf3f53dd86ac89063539a.jpg,细节决定成败 4666609,lol云顶之弈,初音未来灰飞,40万
https://rpic.douyucdn.cn/asrpic/191015/6391754_1514.png,最后两天帮房管上个王者~~,王者荣耀,婷儿Sweet丶,39.3万
https://rpic.douyucdn.cn/asrpic/191015/7434426_1515.png,倒骑驴318去拉萨！(巴塘),户外,A丶大军,41.4万
https://rpic.douyucdn.cn/asrpic/191015/1910856_1513.png,这个菜点了2年(≧ω≦)/,美食,深山大咖,40.3万
https://rpic.douyucdn.cn/asrpic/191015/2082749_1513.png,今日单排95星上101星,王者荣耀,游弋,38.6万
https://rpic.douyucdn.cn/live-cover/roomCover/cover_update/2019/10/13/bbd2f0ff7c7cc7d2f03f8ce22eb47703.jpg,10月18日 CFPL秋季赛揭幕战,穿越火线,穿越火线运营团队,38万
https://rpic.douyucdn.cn/asrpic/191015/3354636_1514.png,【国服木兰】 单排百星,王者荣耀,羽辰鸽鸽丶,37.3万
https://rpic.douyucdn.cn/live-cover/roomCover/2019/05/13/947b6f9b699c7c9bb81a1142169a5cca.jpg,录播|晚安音乐电台,电台,南曼玉,38.9万
https://rpic.douyucdn.cn/asrpic/191015/6561377_1514.png,郑州电影小镇 6561377,户外,大嘴love,36.6万
https://rpic.douyucdn.cn/asrpic/191015/675429_1513.png,OMGBT：19岁青少年选手,绝地求生,OMGsilentBT,37万
https://rpic.douyucdn.cn/asrpic/191015/718642_1513.png,训练赛  磨合磨合~,和平精英,1121丶六神弟弟,37万
https://rpic.douyucdn.cn/asrpic/191015/4350043_1514.png,赛季倒数第二天  1带4上50星,王者荣耀,守护丶遇见美好,36.5万
https://rpic.douyucdn.cn/asrpic/191015/4125556_1514.png,渡劫76767676,美食,Skr丶大伟伟,33.3万
https://rpic.douyucdn.cn/live-cover/appCovers/2019/09/19/2141766_20190919235807_small.jpg,一直在身边,颜值,珂珂宝丶,31.8万
https://rpic.douyucdn.cn/live-cover/roomCover/cover_update/2019/10/08/9755d76a630443ee81217cceca61b9cd.jpg,漂移无极限，主演是演员？？,跑跑手游,DY主演,36.4万
https://rpic.douyucdn.cn/asrpic/191015/6387028_1514.png,春来发枝冬凋敝，相思不如不相思,自走棋,棋待诏3321,35.8万
https://rpic.douyucdn.cn/live-cover/roomCover/cover_update/2019/01/25/7cf5343f9b7bdfc90d0a5d00e896a967.jpg,3点抽取20个体F激活码！,剑网3,阿越君,35.7万
https://rpic.douyucdn.cn/live-cover/appCovers/2019/09/28/7597559_20190928002132.jpg,【交友】 由“林爸 噜噜 大虫虫“冠名,交友,小象一如鲸向海,31.7万
https://rpic.douyucdn.cn/live-cover/appCovers/2019/09/19/7255932_20190919200554.jpg,第一颜值女神恋爱交友厅,交友,爱约一只如初见,30.5万
https://shark2.douyucdn.cn/front-publish/sdk-file-master/room_list_default@2x_a960c5b.png,第160期：眼疾不重视，孩子颜值低,正能量,小处方医生王争艳,35.1万
https://shark2.douyucdn.cn/front-publish/sdk-file-master/room_list_default@2x_a960c5b.png,灵魂武器真香，又破万了.........,DNF,丶才子欧巴,34.8万
https://shark2.douyucdn.cn/front-publish/sdk-file-master/room_list_default@2x_a960c5b.png,行动代号：卤蛋,英雄联盟,狼牙山凯哥,34.1万
https://shark2.douyucdn.cn/front-publish/sdk-file-master/room_list_default@2x_a960c5b.png,【直播】一首歌~一个故事~,电台,念言wzz,27.2万
https://shark2.douyucdn.cn/front-publish/sdk-file-master/room_list_default@2x_a960c5b.png,【神乐】华语 经典 电影 周星驰 刘德华,一起看,进击的神乐,26.1万
https://rpic.douyucdn.cn/asrpic/191015/5315971_1514.png,颜值与技术并存，你懂的,王者荣耀,viko酱丶,34万
https://rpic.douyucdn.cn/asrpic/191015/1380899_1513.png,最强带妹王已上线,和平精英,皮西蒙丷,33.3万
https://rpic.douyucdn.cn/asrpic/191015/2132902_1513.png,六点半，每周更新为你加速！,鱼教,陈翔六点半,32.8万
https://rpic.douyucdn.cn/live-cover/appCovers/2019/09/27/7597583_20190927224817.jpg,【交友】本厅由“远方”冠名！,交友,小象一似鸟投林,24.6万
https://rpic.douyucdn.cn/asrpic/191015/3473163_1514.png,在广西来宾嗷～,户外,胡嘉一,24.3万
https://rpic.douyucdn.cn/live-cover/roomCover/cover_update/2019/10/12/58140102573294fe98e500c687dab879.jpg,CEO：没想到吧熬夜主播上线,DNF,死亡首席执行官丶,32.8万
https://rpic.douyucdn.cn/asrpic/191015/217785_1513.png,峡谷冲分！12点办卡抽万元大奖,英雄联盟,Night丶杀神风,32万
https://rpic.douyucdn.cn/asrpic/191015/6560603_1514.png,各套路上分教学。,lol云顶之弈,阿涛皎月Carry,31.4万
https://rpic.douyucdn.cn/live-cover/appCovers/2019/09/30/7614918_20190930092826.jpg,本厅由“洛皇”“豆腐”冠名！,交友,小象一秘密花园,24.3万
https://rpic.douyucdn.cn/asrpic/191015/468241_1508.png,下雨种油菜。,美食,魅力生活i,23.7万
https://rpic.douyucdn.cn/asrpic/191015/7619178_1515.png,国服第一诸葛在线飞天 100星排位单排,王者荣耀,云白睡不醒,31.2万
https://rpic.douyucdn.cn/asrpic/191015/6480619_1514.png,中越现场赛~,怀旧游戏,罗马协会,31万
https://rpic.douyucdn.cn/asrpic/191015/6755158_1510.png,斗鱼一枪头，FPP嘴强枪男！！,绝地求生,Super也好君丶,31万
https://rpic.douyucdn.cn/live-cover/appCovers/2019/09/03/6548062_20190903114029.jpg,【交友】私人订制约会现场,交友,SR一私人订制,23.5万
https://rpic.douyucdn.cn/asrpic/191015/2165978_5587551_08bb4_2_1515.jpg,好甜一女的~,颜值,刘喵喵喵丶,23万
https://rpic.douyucdn.cn/asrpic/191015/673484_1518.png,OnePlus 7T 系列新品发布会！,数码科技,极客之选,30.6万
https://rpic.douyucdn.cn/asrpic/191015/221869_1518.png,梦幻西游手游，下午好,梦幻西游手游,小儿郎丶丶,30.4万
https://rpic.douyucdn.cn/asrpic/191015/67554_1518.png,健康哥上线！！！,DOTA2,ZippO宝哥,30.3万
https://rpic.douyucdn.cn/live-cover/roomCover/2019/09/10/0eb42d008451706e4bb486e7ff19486a.jpg,不正经的舞蹈主播,舞蹈,小M梦同学,23万
https://rpic.douyucdn.cn/live-cover/appCovers/2019/07/29/6343035_20190729164952.jpg,【交友】由yu哥和4444联手冠名,交友,君悦一浮生若梦,22.8万
https://rpic.douyucdn.cn/asrpic/191015/2081672_1518.png,一加 7T Pro 新品发布会,数码科技,数码疯报live,30.2万
https://rpic.douyucdn.cn/asrpic/191015/536341_1518.png,90Hz更流畅 一加7T新品发布会直播,数码科技,ZOL中关村在线,30.1万
https://rpic.douyucdn.cn/asrpic/191015/321339_1518.png,花皇：练点英雄池 晚上电1王者组排,英雄联盟,PeanutHulllll,29.2万
https://rpic.douyucdn.cn/live-cover/appCovers/2019/08/28/6765614_20190828211458.jpg,【交友】招主持，联系管理,交友,爱约一非你莫属,22.7万
https://rpic.douyucdn.cn/asrpic/191015/2165978_5587551_08bb4_2_1515.jpg,好甜一女的~,颜值,刘喵喵喵丶,22.7万
https://rpic.douyucdn.cn/asrpic/191015/2456621_1513.png,奥罗，顶住！！！！！！,魔兽怀旧服,黑欢喜,29.1万
https://rpic.douyucdn.cn/live-cover/roomCover/cover_update/2019/10/09/f93df216c2e870804529476ffd2cf6a9.jpg,水友赛！19岁天才PK裁判！,DNF,漫游kiss欢,29万
https://rpic.douyucdn.cn/asrpic/191015/851040_1518.png,赤兔马☞烈火炮☞灭霸战车☞开始攻城,中国象棋,八卦象棋大师,28.9万
https://rpic.douyucdn.cn/asrpic/191015/517927_1518.png,王总 羽丰大哥，周帮第一 下周是谁！,户外,户外王总,22.4万
https://rpic.douyucdn.cn/asrpic/191015/4941977_1519.png,又是憨憨的一天,户外,晒网的慧儿呀,22.4万
https://rpic.douyucdn.cn/asrpic/191015/6480619_1514.png,中越现场赛~,怀旧游戏,罗马协会,28.9万
https://rpic.douyucdn.cn/asrpic/191015/761693_1518.png,钢铁侠首选？一加7T系国行发布会直击,数码科技,太平洋电脑网,28.7万
https://rpic.douyucdn.cn/asrpic/191015/1981932_1518.png,【法师单排】90星-101星,王者荣耀,音七Simple,27.8万
https://rpic.douyucdn.cn/asrpic/191015/7380797_1515.png,有容乃大的木木,舞蹈,夏木ayo,22.3万
https://rpic.douyucdn.cn/asrpic/191015/3565879_1519.png,这不是通往幼儿园的车~,二次元,温柔善良的雪雪,22.1万
https://rpic.douyucdn.cn/asrpic/191015/255287_1518.png,玩的开心  看的开心,穿越火线,白鲨石头丶,27.7万
https://rpic.douyucdn.cn/asrpic/191015/1818791_1513.png,多少星了！多少豆了！干啊！,欢乐斗地主,正能量丶油条,27.6万
https://rpic.douyucdn.cn/asrpic/191015/311965_1518.png,全场一起跟我低下头~,绝地求生,拜瑞Berry,26.6万
https://rpic.douyucdn.cn/asrpic/191015/902379_1518.png,❤可可❤超甜女友互动影厅,一起看,可可酱m,22万
https://rpic.douyucdn.cn/asrpic/191015/1235252_1518.png,姐姐回来啦宝贝,二次元,苏恩惠小姐姐,21.9万
https://rpic.douyucdn.cn/asrpic/191015/809753_1518.png,部落祈福下周MC,绝地求生,80God,26.2万
https://rpic.douyucdn.cn/asrpic/191015/1412628_1518.png,封号斗罗，六倍压枪，恋爱枪法！,绝地求生,普通话很包准的龟,25.9万
https://rpic.douyucdn.cn/live-cover/roomCover/cover_update/2019/10/12/f199c25d8e49b263adc8b7171ee46d1e.jpg,极限登机杯小组赛回顾，19号决赛见！,无限法则,无限法则赛事专用,25.8万
https://rpic.douyucdn.cn/live-cover/appCovers/2019/09/03/7525414_20190903223613.jpg,距离你1km 7525414,交友,百纳一极欲少女,21.9万
https://rpic.douyucdn.cn/asrpic/191015/218859_1518.png,【林正英】僵尸 女鬼 弹幕 护体,一起看,UnaDirezione,21.9万
https://rpic.douyucdn.cn/asrpic/191015/64609_1518.png,LETS PLAY SOME DOTA！,DOTA2,张宁_xiao8,25.7万
https://rpic.douyucdn.cn/asrpic/191015/4291405_1519.png,国服梦奇后羿,王者荣耀,阳神丶国服后羿梦奇,24.7万
https://rpic.douyucdn.cn/asrpic/191015/6853071_1514.png,峡谷之巅王者局教学 ！！,英雄联盟,小新AAO,24.2万
https://rpic.douyucdn.cn/live-cover/appCovers/2019/08/01/6333998_20190801193659.jpg,【交友】浪漫之约i,交友,英爵一浪漫之约,21.6万
https://rpic.douyucdn.cn/asrpic/191015/1679707_7659443_63f75_2_1513.jpg,我也想当网红，想要成为你们的英雄,颜值,暖心男神六哥,21.6万
https://rpic.douyucdn.cn/live-cover/roomCover/cover_update/2019/10/01/4217dc84842ba44c7a55602294e6230c.jpg,恭喜Fnatic获得DH马尔默大师赛冠军,CS:GO,imbacsgo频道,23.9万
https://rpic.douyucdn.cn/asrpic/191015/26023_1513.png,A胖OL4~斗鱼私信开新卡包,FIFA ONLINE4,A胖瘦了,23.7万
https://rpic.douyucdn.cn/asrpic/191015/4801328_1519.png,每天下午2-3点开播,王者荣耀,濠江发哥,23.7万
https://rpic.douyucdn.cn/live-cover/appCovers/2019/07/28/7327546_20190728222317_small.jpg,情浓时有说不完的话，,颜值,杨薰同学,21.3万
https://rpic.douyucdn.cn/live-cover/appCovers/2019/09/17/6667462_20190917115643.jpg,挽歌/曦曦/爽哥/米粒【冠名】,交友,王者一枕边撩音,21.1万
https://rpic.douyucdn.cn/live-cover/roomCover/cover_update/2019/09/03/da91bcd344baa095f85a4bd1da2a5612.jpg,点击领取一只欧皇糖,DNF,奶糖是喵不是糖,23.4万
https://rpic.douyucdn.cn/asrpic/191015/2444845_1518.png,小号0到王者。,lol云顶之弈,梦仔zzz,23.4万
https://rpic.douyucdn.cn/live-cover/roomCover/cover_update/2019/07/30/2e1727581cd0e29f10cf824fd0b097b7.png,国服第一O lei了！发体服激活码,剑网3,As童话话话,23.3万
https://rpic.douyucdn.cn/live-cover/roomCover/2019/02/02/b1458992f18e762c5dcd9c42ebcfb9c8.png,第一次直播 多多关照 4643091,电台,妍子姑娘,21万
https://rpic.douyucdn.cn/live-cover/roomCover/2019/09/14/a71d959f94d1497586d205e19d5a6aee.png,【交友】全麦优质/十张办卡沦陷~,交友,王者一夜色蔷薇,20.8万
https://rpic.douyucdn.cn/live-cover/roomCover/cover_update/2019/08/22/e9de64e88789bf51a817a9107865cf72.jpg,OPL秋季赛常规赛 16:30开赛,决战平安京,平安京内务组,22.9万
https://rpic.douyucdn.cn/asrpic/191015/1235267_1518.png,一加7T发布会直播,数码科技,电脑报,22.9万
https://rpic.douyucdn.cn/live-cover/roomCover/cover_update/2019/09/16/7786eab04f14a0da23c487d407448748.jpg,ECS S8常规赛第三周 首日重播,CS:GO,imbacsgo频道2,22.9万
https://rpic.douyucdn.cn/live-cover/appCovers/2019/08/28/7490510_20190828142644_small.jpg,你好有什么问题可以吻我,颜值,祖儿儿儿,20.8万
https://rpic.douyucdn.cn/live-cover/appCovers/2019/08/06/7388139_20190806160334.jpg,小哥哥，网恋吗？ 7388139,交友,王者一更好的你,20.4万
https://rpic.douyucdn.cn/asrpic/191015/953268_1518.png,萝卜报告 953268,汽车,萝卜报告频道,22.5万
https://rpic.douyucdn.cn/asrpic/191015/258718_1518.png,国服孙悟空万场猴王，最强MVP~,王者荣耀,国服万场猴王宅哥,22.1万
https://rpic.douyucdn.cn/live-cover/roomCover/cover_update/2019/08/08/149b34de515b890cc4cc62fd20b8d02e.jpg,DH马尔默大师赛-副舞台,CS:GO,imbacsgo频道3,22万
https://rpic.douyucdn.cn/asrpic/191015/431460_1518.png,【贝贝】军旅 喜剧 动作 意大利炮,一起看,baby丶贝贝,20.4万
https://rpic.douyucdn.cn/live-cover/appCovers/2019/08/07/6347585_20190807013145.jpg,【交友】蜜桃成熟i,交友,英爵一蜜桃成熟,19.6万
https://rpic.douyucdn.cn/asrpic/191015/457523_1518.png,最黑狂暴战没意见吧,魔兽世界,夏沫呆呆,21.8万
https://rpic.douyucdn.cn/asrpic/191015/2314338_1518.png,国服第一妲己：鱼丸竞猜中心,王者荣耀,国服老狐狸,21.5万
https://rpic.douyucdn.cn/asrpic/191015/1870001_1518.png,无聊的一天 1870001,DOTA2,大Mu金仙丶,21.5万
https://rpic.douyucdn.cn/live-cover/roomCover/2019/10/05/475950a10d64c48ab1c71a0c0df95577_big.jpg,粤语歌come!!!,颜值,鹿屿嘉嘉嘉JIa,19万
https://rpic.douyucdn.cn/asrpic/191015/5722131_4411536_6e24b_2_1514.jpg,谁也不许买小米,颜值,胡小米哟,18.9万
https://rpic.douyucdn.cn/asrpic/191015/312407_1518.png,清晨主播来了！老规矩~~~,DOTA2,叁肆叁肆,21.2万
https://rpic.douyucdn.cn/live-cover/roomCover/cover_update/2018/07/28/c8f2daf776cf1540a2c941b80101bcd9.jpg,等体服开服玩一哈新职业,剑网3,落叶听松,20.9万
https://rpic.douyucdn.cn/asrpic/191015/5488708_1519.png,战神归位！认证号高分局~,和平精英,你喜欢花臂吗,20.9万
https://rpic.douyucdn.cn/asrpic/191015/263824_1518.png,❤️奶虫❤️恐怖 丧尸 鬼片 灾难,一起看,吃奶滴虫,18.7万
https://rpic.douyucdn.cn/asrpic/191015/491416_1518.png,风里雨里，海鲜走起。,美食,威海大叔,18.6万
https://rpic.douyucdn.cn/asrpic/191015/1340947_1518.png,每日欢乐时光,魔兽怀旧服,痴汉万宝路,20.9万
https://rpic.douyucdn.cn/asrpic/191015/482114_1518.png,爱怼汽车专家的砖家~,汽车,雪鹰哥麻辣车评,20.6万
https://rpic.douyucdn.cn/asrpic/191015/3605965_1519.png,这样的主播 吸引你吗,和平精英,一玥阿,20.2万
https://rpic.douyucdn.cn/asrpic/191015/122402_1518.png,【周星驰】星爷 喜剧之王 经典 电影,一起看,进击の神乐,18.4万
https://rpic.douyucdn.cn/asrpic/191015/7429015_7572715_3832a_2_1512.jpg,今天是奶油味的咪咪,舞蹈,王咪咪mm,18万
https://rpic.douyucdn.cn/live-cover/roomCover/2019/10/15/28b4d30b4881b4e20d1d4bb72ccc6c92.jpg,圆桌派聊RAV4荣放,汽车,家家试驾,20.2万
https://rpic.douyucdn.cn/asrpic/191015/309162_1518.png,回娘家啦啦啦啦···,鱼教,羽伞恐怖故事,20万
https://rpic.douyucdn.cn/asrpic/191015/4441739_1519.png,又从头再来,王者荣耀,Jue美娘,20万
https://rpic.douyucdn.cn/live-cover/appCovers/2019/07/04/5522765_20190704175659_small.jpg,耐看新主播第三天,颜值,我是小怡呀,17.7万
https://rpic.douyucdn.cn/live-cover/appCovers/2019/08/29/6775822_20190829023846.jpg,小猪佩奇你配我。 6775822,交友,爱约一云顶之约,17.7万
https://rpic.douyucdn.cn/asrpic/191015/2433239_1518.png,李白带粉5排均场40输出，免费借号直播,王者荣耀,可爱的灰太白,19.8万
https://rpic.douyucdn.cn/asrpic/191015/637521_1518.png,当只如初见。,和平精英,三叶呀OwO,19.7万
https://rpic.douyucdn.cn/asrpic/191015/1706950_1518.png,拆车视频集锦,汽车,大飙车,19.6万
https://rpic.douyucdn.cn/live-cover/appCovers/2019/10/01/6496735_20191001141142.jpg,【交友】女神降临欢迎你,交友,奇迹一女神降临,16.8万
https://rpic.douyucdn.cn/asrpic/191015/3649581_1519.png,【污夕阳】科幻 灾难 喜剧 动作 电影,一起看,鲜夕阳,16.8万
https://rpic.douyucdn.cn/live-cover/roomCover/cover_update/2019/10/14/335820ed2f930a4d2cecbda47d8121bd.jpg,百千万：快乐的段位赛,火影忍者,佐助是真的像小万,19.6万
https://rpic.douyucdn.cn/asrpic/191015/5373486_1519.png,国服元歌死3次请举报,王者荣耀,xqc倾城,19.5万
https://rpic.douyucdn.cn/asrpic/191015/2353159_1518.png,皇妹：(#^.^#),lol云顶之弈,单手解bras,19.1万
https://rpic.douyucdn.cn/live-cover/appCovers/2019/10/06/7277822_20191006020702.jpg,【交友】等风等雨，等喜欢的人。,交友,小象一倾城之恋,16.6万
https://rpic.douyucdn.cn/live-cover/appCovers/2019/08/15/6344652_20190815170336.jpg,本厅由 恶魔哥 痕哥冠名,交友,王者一你最珍贵,16.3万
https://rpic.douyucdn.cn/asrpic/191015/5565038_1519.png,【重播】NeXT《阴阳师》秋枫演武战队赛,阴阳师,网易电竞NeXT,18.7万
https://rpic.douyucdn.cn/live-cover/roomCover/cover_update/2019/10/09/547cc34561cc6148b63f99a551a4885a.jpg,黑武普雷二托成功，太难了…,DNF,亡誓Wang,18.6万
https://rpic.douyucdn.cn/asrpic/191015/4526989_1519.png,OnePlus 7T 手机新品发布会直播,数码科技,聚牛科技,18.6万
https://rpic.douyucdn.cn/live-cover/roomCover/cover_update/2019/10/14/6d9afe19edca795c4ae447e6bf815e88.png,更新了，不定时直播记得点关注~,美食,徐大sao,16.3万
https://rpic.douyucdn.cn/live-cover/appCovers/2019/10/01/7607479_20191001142116.jpg,领取你的女朋友吧哥哥❤️,交友,归月一爸爸我甜,15.9万
https://rpic.douyucdn.cn/asrpic/191015/852673_1518.png,赵金柱老师,鱼教,齐鲁风书画院,18.4万
https://rpic.douyucdn.cn/live-cover/roomCover/cover_update/2019/09/02/3205259614202ab3a2019e733cb93cc4.jpg,最秀风魔冷狗，房管上国王了,王牌战士,靠脸吃饭的冷狗,18.3万
https://rpic.douyucdn.cn/live-cover/roomCover/cover_update/2019/06/11/473866e4557d8887205aca6574c9438a.jpg,10月友情卷.生化新追击走起,穿越火线,渝万丶狗哥,18.3万
https://rpic.douyucdn.cn/live-cover/appCovers/2019/07/26/6620304_20190726005240.jpg,【交友】招收主持,交友,王者一神仙姐姐,15.7万
https://rpic.douyucdn.cn/asrpic/191015/2279072_1513.png,你的佳佳今天单独直播一会。,户外,俄罗斯异国风情,15.6万
https://rpic.douyucdn.cn/asrpic/191015/2150758_1518.png,【威廉】貂蝉是信仰,王者荣耀,William丶威廉,17.7万
https://rpic.douyucdn.cn/asrpic/191015/276694_1518.png,强化12 13！增幅13!合天空送追忆！,DNF,今日不服,17.5万
https://rpic.douyucdn.cn/asrpic/191015/3231070_1519.png,超甜音萌新小姐姐❤,和平精英,甜蜜又乖,17.5万
https://rpic.douyucdn.cn/live-cover/roomCover/2019/09/12/5718052c4643a24eb41bc71a217c3d66_big.jpg,你是我见一个爱一个里最喜欢的,颜值,鲨鱼黑帮嘻嘻,15.4万
https://rpic.douyucdn.cn/live-cover/appCovers/2019/10/09/5464731_20191009153359_small.jpg,橘白酱酱酱的直播间,颜值,橘白酱酱酱,15.3万
https://rpic.douyucdn.cn/live-cover/roomCover/cover_update/2019/09/02/d8aa9b5b8830ce3fe2e1273251d08448.jpg,国服第一自由人鸭！技术控福利~,王牌战士,若曦不是魔王,17.1万
https://rpic.douyucdn.cn/asrpic/191015/35954_1518.png,瑞兹王！没MVP叫爸爸！,英雄联盟,恶魔神,17万
https://rpic.douyucdn.cn/asrpic/191015/549311_1518.png,强化！增幅11 12 13  天空 搞起,DNF,迪哥助你圆梦,16.9万
https://rpic.douyucdn.cn/asrpic/191015/52787_1518.png,[花卷陪看]豆瓣高分电影,一起看,春卷大师,14.9万
https://rpic.douyucdn.cn/asrpic/191015/547162_1518.png,有点慌！！！！,户外,微山湖捕鱼武工队,14.5万
https://rpic.douyucdn.cn/asrpic/191015/6196137_1519.png,争做最勤劳主播！办卡鼓励一下吧！,狼人杀,EA丶柯南,16.9万
https://rpic.douyucdn.cn/asrpic/191015/5564230_1519.png,NeXT-《一梦江湖》·名剑天下,一梦江湖,网易电竞NeXT2,16.9万
https://rpic.douyucdn.cn/live-cover/roomCover/cover_update/2019/10/14/6b180b5e994a7d0c925367ad5a51536e.jpg,洗心革面，从头开始,王牌战士,东海渔王,16.8万
https://rpic.douyucdn.cn/asrpic/191015/246208_1513.png,周二 吃饭 买食材,美食,雪纳瑞三口之家,14.5万
https://rpic.douyucdn.cn/live-cover/appCovers/2019/07/20/5916518_20190720155421.jpg,录-森系甜御音乐森林,电台,樱小吹,14.4万
https://rpic.douyucdn.cn/asrpic/191015/718133_1518.png,电一从零单排上大师教学,英雄联盟,十月船长丶,16.6万
https://rpic.douyucdn.cn/asrpic/191015/2396664_1518.png,【职业屠龙】云顶线下公开赛冠军{网鱼赛区,lol云顶之弈,稀嚷丶,16.5万
https://rpic.douyucdn.cn/asrpic/191015/6749485_1520.png,你是魔鬼还是秀儿！？,和平精英,小阿喵呢,16.3万
https://rpic.douyucdn.cn/asrpic/191015/252802_1518.png,【贝爷影厅】经典 科幻 动作 灾难 巨兽,一起看,狂仔酷炫,14.4万
https://rpic.douyucdn.cn/asrpic/191015/434971_1518.png,【怡寶】恐怖 科幻 搞笑,一起看,活捉一只小怡寶,14.3万
https://rpic.douyucdn.cn/asrpic/191015/4251390_1519.png,单人四排落地不杀人请举报我,绝地求生,吴山人丷,15.9万
https://rpic.douyucdn.cn/asrpic/191015/3015080_1519.png,【机长】冒险！神作啊！,恐怖游戏,机长YG,15.7万
https://rpic.douyucdn.cn/asrpic/191015/688631_1518.png,宇宙第一女盲僧！一脚一个男朋友！！,英雄联盟,真皮丶猫猫,15.5万
https://rpic.douyucdn.cn/live-cover/appCovers/2018/12/19/6159327_20181219224617.jpg,愿你迷路到我身旁！,电台,Tender微笑,14.3万
https://rpic.douyucdn.cn/live-cover/appCovers/2019/10/01/7612954_20191001114432.jpg,招收全职优秀主持,交友,小象一快乐星球,14.1万
https://rpic.douyucdn.cn/asrpic/191015/4251390_1519.png,单人四排落地不杀人请举报我,绝地求生,吴山人丷,15.7万
https://rpic.douyucdn.cn/live-cover/roomCover/cover_update/2019/10/12/d1d6ad0f81a45a553c526de6ba12853e.jpg,熊大：王者了 从零单排骚套路,lol云顶之弈,熊jolababy,15.6万
https://rpic.douyucdn.cn/asrpic/191015/688631_1518.png,宇宙第一女盲僧！一脚一个男朋友！！,英雄联盟,真皮丶猫猫,15.4万
https://rpic.douyucdn.cn/live-cover/appCovers/2019/08/03/7371757_20190803202939_small.jpg,唱呀唱呀唱呀唱,颜值,是你的珊瑚,14万
https://rpic.douyucdn.cn/asrpic/191015/1129772_1518.png,一个磨人的小妖精~ 1129772,舞蹈,Yuki丶Queen,13.9万
https://rpic.douyucdn.cn/asrpic/191015/214786_1518.png,两仪：早餐下饭哪家强？,炉石传说,两仪未娜丶,15.3万
https://rpic.douyucdn.cn/asrpic/191015/6567483_1519.png,小墨 万场卡尔 艺术团战,DOTA2,Sumiya丶墨岩彧,15.2万
https://rpic.douyucdn.cn/asrpic/191015/6566346_1519.png,巅峰单排！ 完成9连胜！,DOTA,子子阳,15.1万
https://rpic.douyucdn.cn/asrpic/191015/432033_1518.png,(武汉)聊个五毛钱八卦,户外,贾丶政井,13.8万
https://rpic.douyucdn.cn/asrpic/191015/7507405_1520.png,想做你的小朋友呀我超甜哦  江西南昌,舞蹈,小太阳吖y,13.3万
https://rpic.douyucdn.cn/asrpic/191015/5175512_1519.png,反向上分之旅~,王者荣耀,兽大王啊,15.1万
https://rpic.douyucdn.cn/asrpic/191015/216555_1518.png,一法当关漫天飞莎，王者局实战,lol云顶之弈,雨霖铃丶丶,14.9万
https://rpic.douyucdn.cn/asrpic/191015/436240_1518.png,深夜说怪谈，有胆你来听,鱼教,摆渡人老鬼,14.9万
https://rpic.douyucdn.cn/asrpic/191015/6537888_1514.png,【米娅陪看】喜剧 科幻 动作 小可爱~,一起看,开森的Mia,13.3万
https://rpic.douyucdn.cn/asrpic/191015/7625849_1520.png,江西舞蹈主播又营业啦。,舞蹈,小冉是我女神X,13.2万
https://rpic.douyucdn.cn/asrpic/191015/7001797_1520.png,第一李白  技术主播没有GG,王者荣耀,月中仙丨,14.9万
https://rpic.douyucdn.cn/asrpic/191015/6414639_1519.png,竞猜开始啦,和平精英,SHOW呀,14.8万
https://rpic.douyucdn.cn/asrpic/191015/6589586_1514.png,强化12 13 金秋 天空 13增幅 克,DNF,欧皇圆梦丶老牛,14.7万
https://rpic.douyucdn.cn/asrpic/191015/587997_1518.png,【乳山生蚝】晚上抽奖,美食,威海高哥587997,13.2万
https://rpic.douyucdn.cn/live-cover/roomCover/2019/08/16/1a74a0acfdc76e8782047ba104d53543.jpg,抱抱抱抱抱抱我~~,舞蹈,抱抱米花,12.9万
https://rpic.douyucdn.cn/asrpic/191015/107253_1513.png,先大号热手.晚点钻石当个杀手!,英雄联盟,LOL丶摇摆,14.6万
https://rpic.douyucdn.cn/asrpic/191015/617614_1518.png,强化 12 13 7套金秋 增幅 天空,DNF,圆梦小顶,14.4万
https://rpic.douyucdn.cn/asrpic/191015/5436766_1519.png,最强1V4！场均20杀！！高倍压枪怪！！,绝地求生,苦茶先森,14.4万
https://rpic.douyucdn.cn/live-cover/appCovers/2019/08/29/6809244_20190829203739.jpg,【交友】SR一独家记忆,交友,SR一独家记忆,12.9万
https://rpic.douyucdn.cn/live-cover/appCovers/2019/08/04/6537754_20190804232033_small.jpg,傻白甜的我等你守护~,颜值,诗雅yami,12.8万
https://rpic.douyucdn.cn/asrpic/191015/6297388_1519.png,愉快的假期~首先要从直播开始!!,绝地求生,SSSXbei,14.3万
https://rpic.douyucdn.cn/live-cover/roomCover/cover_update/2019/10/06/2f024e97974bd862de02e2c221d172a8.jpg,太难了 心累啊,QQ飞车,DY丶皮皮炸,14.2万
https://rpic.douyucdn.cn/asrpic/191015/4500329_1519.png,单排70-80 暴躁喜酱在线被锤,王者荣耀,喜衣机丶,14.1万
https://rpic.douyucdn.cn/asrpic/191015/276200_1518.png,【蓝翔】三国弹幕天团[请勿刷屏],一起看,山东蓝翔技工学院,12.7万
https://rpic.douyucdn.cn/asrpic/191015/6072575_1514.png,今天又是被自己菜哭的一天,一起看,橘诗妤u,12.7万
https://rpic.douyucdn.cn/asrpic/191015/217331_1518.png,老表：懒塌塌的脖儿！,模拟经营,尐表哥,14万
https://rpic.douyucdn.cn/asrpic/191015/4333916_1519.png,高质量吃鸡局 欢迎上车~,和平精英,Dy小闹腾,13.9万
https://rpic.douyucdn.cn/asrpic/191015/1294569_1518.png,国服射手图杀王者局,王者荣耀,毕竟是柚子,13.9万
https://rpic.douyucdn.cn/live-cover/appCovers/2019/09/03/7522264_20190903220454_small.jpg,这周最后一天路过大哥抬一手,颜值,小眼一泽郎,12.6万
https://rpic.douyucdn.cn/asrpic/191015/3279944_3234057_691c7_2_1510.jpg,新人主播求关照 3279944,颜值,伊娃大姐姐,12.5万
https://rpic.douyucdn.cn/asrpic/191015/6588602_1519.png,【带粉】一个憨包主播,王者荣耀,菲小four,13.7万
https://rpic.douyucdn.cn/asrpic/191015/6237212_1519.png,化身为龙or帝国忠犬？,lol云顶之弈,AloneAlone999,13.6万
https://rpic.douyucdn.cn/asrpic/191015/5293121_1519.png,无偿带躺中，收徒永久带飞，欢迎大家,球球大作战,李念想,13.5万
https://rpic.douyucdn.cn/asrpic/191015/3583605_1854725_1dc77_2_1520.jpg,下午14点也直播哦,颜值,宋鲸儿,12.4万
https://rpic.douyucdn.cn/live-cover/appCovers/2019/10/09/5695371_20191009161023_small.jpg,不去天涯海角，在我身边就好❤,颜值,派大清Zzz,12.4万
https://rpic.douyucdn.cn/asrpic/191015/5094760_1519.png,性感芈月在线扭腰~,王者荣耀,青鸾少年云天河,13.5万
https://rpic.douyucdn.cn/asrpic/191015/248695_1518.png,胖枫：正式开始抗萨！,炉石传说,夕尘残枫,13.5万
https://rpic.douyucdn.cn/asrpic/191015/6525105_1519.png,☆白天模拟经营~晚上随缘游戏,模拟经营,百里浪丶,13.5万
https://rpic.douyucdn.cn/asrpic/191015/20415_1518.png,❤️可乐❤️科幻 经典 灾难 动作 电影,一起看,少女可乐橙,12.3万
https://rpic.douyucdn.cn/live-cover/appCovers/2019/09/30/7342542_20190930181405_small.jpg,嗓子哑了的唱歌小妹妹,颜值,小倩倩呐QAQ,12.3万
https://rpic.douyucdn.cn/asrpic/191015/7409762_1520.png,新的一天，新的心情，好好跑图,跑跑手游,童薇薇丶yy,13.4万
https://rpic.douyucdn.cn/asrpic/191015/5264153_1519.png,【肖璐】新赛季巅峰上分,DOTA,肖璐s,13.2万
https://rpic.douyucdn.cn/asrpic/191015/549040_1518.png,金牌汽车主播 帮你选车省钱防套路,汽车,九江008,13.2万
https://rpic.douyucdn.cn/live-cover/appCovers/2019/09/03/5447767_20190903024535_small.jpg,来了都是胶已人,颜值,迪哥唷,12.1万
https://rpic.douyucdn.cn/asrpic/191015/1493920_6603007_4b9c0_2_1517.jpg,肉肉的小可爱了解下,颜值,球球酱呀i,12.1万
https://rpic.douyucdn.cn/asrpic/191015/1279326_1518.png,之家知名主播，直播说车聊 车,汽车,大仙二手车讲堂,13.2万
https://rpic.douyucdn.cn/live-cover/roomCover/cover_update/2019/03/29/9321a0cd371099fff646d657001bf414.jpg,教科书不教的，我这里都有,鱼教,都说我名字很LOW,12.9万
https://rpic.douyucdn.cn/asrpic/191015/4944548_1519.png,104星单排火舞秀翻全场,王者荣耀,小风啊i,12.9万
https://rpic.douyucdn.cn/asrpic/191015/4339631_3090463_1630d_2_1511.jpg,哥哥来呀～,舞蹈,林熙儿bb,12万
https://rpic.douyucdn.cn/asrpic/191015/4765615_2118061_5120a_2_1516.jpg,其实我是超级耐看型 4765615,颜值,小鱼妹nn,11.9万
https://rpic.douyucdn.cn/asrpic/191015/6528257_1519.png,别翻了 就这个,和平精英,追梦丶青橘吖,12.9万
https://rpic.douyucdn.cn/asrpic/191015/598894_1518.png,【空门】《灵活》,lol云顶之弈,空门zzt,12.9万
https://rpic.douyucdn.cn/asrpic/191015/3830820_1519.png,今天开始正常直播,中国象棋,小鹤求败,12.8万
https://rpic.douyucdn.cn/live-cover/appCovers/2019/08/17/7431313_20190817115618.jpg,【交友】全麦优质交友处对象,交友,王者一因为有你,11.9万
https://rpic.douyucdn.cn/live-cover/appCovers/2018/08/08/222836_20180808151043_small.jpg,今天也要开心 222836,颜值,李雨潼,11.7万
https://rpic.douyucdn.cn/asrpic/191015/6727841_1520.png,【重播】NeXT《荒野行动》巅峰战队赛,荒野行动,网易电竞NeXT4,12.8万
https://rpic.douyucdn.cn/live-cover/roomCover/cover_update/2019/09/03/2768f3c3164a90aa2a84f047dd58f6d7.jpg,总奖278万！JJ斗地主冠军杯公开赛,JJ斗地主,JJ比赛,12.8万
https://rpic.douyucdn.cn/asrpic/191015/6506454_1519.png,韩服王者929点冲千分,英雄联盟,夏天夏天丶丶,12.8万
https://rpic.douyucdn.cn/live-cover/appCovers/2019/09/01/3659788_20190901153256_small.jpg,天冷了我能穿你外套吗,颜值,Icey琦琦,11.6万
https://rpic.douyucdn.cn/live-cover/appCovers/2019/09/07/6164740_20190907192216_small.jpg,大家好 我是新主播,颜值,野哼唧o丶,11.6万
https://rpic.douyucdn.cn/live-cover/roomCover/cover_update/2019/10/10/ee61bd1863abb79e7cfcb21b9e3e3f48.jpg,工具人免费帮水友打33咯,剑网3：指尖江湖,魔王紫灵,12.7万
https://rpic.douyucdn.cn/live-cover/roomCover/cover_update/2019/10/11/7cc556f26704a443956cc1eab5defd44.jpg,不排队打深渊、普雷、旋涡、鸟背,DNF,小雅妹妹m,12.7万
https://rpic.douyucdn.cn/asrpic/191015/1001456_1518.png,潘伟：三点抽粉丝套装或500现金！！,街头篮球,嗷德普丶,12.5万
https://rpic.douyucdn.cn/live-cover/appCovers/2019/08/16/6893208_20190816044307.jpg,【交友】最好的我们,交友,曙光一刷拉女友,11.5万
https://rpic.douyucdn.cn/live-cover/appCovers/2019/08/23/6826796_20190823032123.jpg,【交友】做你的宝贝好吗,交友,黑马一白金汉宫,11.5万
https://rpic.douyucdn.cn/asrpic/191015/999_1518.png,擂台赏金赛-第三期精英突围！,和平精英,移动电竞热点,12.4万
https://rpic.douyucdn.cn/live-cover/roomCover/cover_update/2019/04/08/02a7cb697cf09826bc1cca061e9db241.jpg,NeXT秋季赛《决战！平安京》季中邀请赛,决战平安京,网易电竞NeXT3,12.4万
https://rpic.douyucdn.cn/asrpic/191015/5181223_1519.png,斗鱼干拉王，单排冲分,和平精英,主播盒子,12.4万
https://rpic.douyucdn.cn/live-cover/appCovers/2019/10/13/848791_20191013014027_small.jpg,我在春天等你；,颜值,上官冰馨m,11.5万
https://rpic.douyucdn.cn/asrpic/191015/3928_1518.png,【小鸽陪看】动作 枪战 华语 经典,一起看,萌小鬼,11.4万
https://rpic.douyucdn.cn/asrpic/191015/230680_1518.png,胆小勿入~小心前方有鬼,恐怖游戏,琼斯小卫,12.3万
https://rpic.douyucdn.cn/asrpic/191015/4662872_1519.png,炸薯条：毁灭+狗牙了,魔兽怀旧服,天才少女炸薯条,12.2万
https://rpic.douyucdn.cn/asrpic/191015/5706370_1519.png,tga选拔赛第一视角,和平精英,梦想家Ki,12.2万
https://rpic.douyucdn.cn/asrpic/191015/747764_1518.png,【女神金】科幻 动作 喜剧 电影,一起看,伊太刀刀,11.4万
https://rpic.douyucdn.cn/asrpic/191015/323876_1518.png,【小宇尬舞】科幻 灾难 动作 喜剧 电影,一起看,Rainsunn,11.4万
https://rpic.douyucdn.cn/live-cover/roomCover/cover_update/2019/08/02/f0c5b2e4ce7be08d371843499201bbdb.jpg,自走棋国际邀请赛斗鱼预选,多多自走棋,多多自走棋,12.1万
https://rpic.douyucdn.cn/asrpic/191015/6916873_1520.png,国服韩信带粉上分 三指细节操作,王者荣耀,轩轩不想长大,12.1万
https://rpic.douyucdn.cn/asrpic/191015/4908245_1519.png,光酱：云顶冲1500,英雄联盟,Mouse光酱,11.9万
https://rpic.douyucdn.cn/live-cover/roomCover/2019/09/12/58ff17e6fefcb12d2ec755a276383499.png,新人跳舞主播求关注 6704990,舞蹈,我只穿裙子,11.3万
https://rpic.douyucdn.cn/live-cover/appCovers/2019/09/12/46_20190912112444.jpg,【交友】你喜欢的类型都有,交友,渝万一神秘嘉宾,11.3万
https://rpic.douyucdn.cn/live-cover/roomCover/cover_update/2019/09/06/9fad5e99617baca5516109984ffb73c4.jpg,劳伦斯也要站起来,王牌战士,蛇眼大师,11.9万
https://rpic.douyucdn.cn/live-cover/roomCover/cover_update/2019/10/12/af71b451718a2bcba9f170571bc6304f.jpg,可爱左左 在线划水,DNF,正义的左左酱,11.6万
https://rpic.douyucdn.cn/live-cover/roomCover/cover_update/2018/12/06/687d17b0c177fbf4bd4e515d25d546d8.jpg,翔哥哥：萌新乐园丨肝帝集结地,阴阳师,高翔XiangBro,11.6万
https://rpic.douyucdn.cn/live-cover/roomCover/2019/08/30/e28bbbf2d75d1828ee8d77d5e8d6fa77_big.jpg,请让这里变成飞机场,颜值,说唱歌手爆音,11.3万
https://rpic.douyucdn.cn/asrpic/191015/5445474_1519.png,韩国第二天：和三个小姐姐去游乐场~,美食,小小二酱,11.2万
https://rpic.douyucdn.cn/asrpic/191015/5459759_1519.png,王者上荣耀拉~快来快来~,王者荣耀,安娜哩,11.6万
https://rpic.douyucdn.cn/asrpic/191015/6829849_1520.png,完美世界电竞直播间,DOTA2,完美世界电竞频道,11.5万
https://rpic.douyucdn.cn/asrpic/191015/3021744_1519.png,国服元歌不秀请举报,王者荣耀,潮普丶浪鸟,11.4万
https://rpic.douyucdn.cn/asrpic/191015/7221304_1520.png,很荣幸还有机会和大家见面,一起看,陪看女友林治愈,11.2万
https://rpic.douyucdn.cn/live-cover/roomCover/2019/10/11/1d034fcc34d1a351fe1316de7e4f14cf.jpg,【录播】就歌唱吧眼睛眯起来,电台,余西望,11.2万
https://rpic.douyucdn.cn/live-cover/roomCover/cover_update/2019/09/20/05076de7a42e61a7c5c752faf64a9017.jpg,带粉上枪神啦！！！,CF手游,亮哥il,11.4万
https://rpic.douyucdn.cn/asrpic/191015/4349886_1519.png,全网第一诸葛 王者如人机！,王者荣耀,逍遥小诸葛丶,11.3万
https://rpic.douyucdn.cn/asrpic/191015/4589685_1519.png,斗鱼无偿带萌新创始人（滑稽）,怪物猎人,怪物猎人丶盼盼,11.3万
https://rpic.douyucdn.cn/live-cover/appCovers/2019/09/03/7499492_20190903222524_small.jpg,想我了吗？ 7499492,颜值,榕超越,11.2万
https://rpic.douyucdn.cn/live-cover/roomCover/2019/02/24/70a736d2dc377ee8704242e0e6f4bf1d_big.jpg,小哥哥王者吗，我们一起坑水友星星啊,颜值,荨荨小公举,11.1万
https://rpic.douyucdn.cn/asrpic/191015/6100412_1519.png,阳光单职业-公益,传奇,冰雪大陆传奇,11.3万
https://rpic.douyucdn.cn/asrpic/191015/4835718_1519.png,痒痒虫阿：午夜电台营业中,DOTA2,痒痒虫阿,11.3万
https://rpic.douyucdn.cn/asrpic/191015/4333872_1519.png,神级装大批 友情券 迷彩沙鹰 爽 爽,穿越火线,渝万丶灭尸,11.2万
https://rpic.douyucdn.cn/live-cover/appCovers/2019/10/11/5838469_20191011195000_small.jpg,希望你喜欢就好,颜值,邱梓忻,11万
https://rpic.douyucdn.cn/live-cover/appCovers/2019/06/08/5161992_20190608011923_small.jpg,你就大方的住在我心里❤️,颜值,阿懵Nolan,10.8万
https://rpic.douyucdn.cn/asrpic/191015/3884440_1519.png,赛季末微信五排带粉,王者荣耀,渝万丶野肆,11.2万
https://rpic.douyucdn.cn/asrpic/191015/5748836_1519.png,训练赛   猛男成长记~,和平精英,汐妖丶,11.2万
https://rpic.douyucdn.cn/asrpic/191015/53964_1518.png,许多毛：我们的刺客版本T1！！！！,lol云顶之弈,许多毛TNT,11.2万
https://rpic.douyucdn.cn/asrpic/191015/828705_1518.png,中华户外直播,户外,中华户外钓鱼,10.8万
https://rpic.douyucdn.cn/live-cover/roomCover/2019/10/09/3ecb50caf851be1ca76893bf53664b0d.jpg,【交友】这人间浪漫风花雪月都好看！,交友,小象一天生尤物,10.6万
https://rpic.douyucdn.cn/asrpic/191015/5106536_1519.png,灭da专家の直播间,DOTA,599zxcv,11.1万
https://rpic.douyucdn.cn/asrpic/191015/492387_1518.png,刺客完美运营教学录像,王者荣耀,神一样的狗哥哥,11.1万
https://rpic.douyucdn.cn/asrpic/191015/5424690_1519.png,❤❤mama 我要跟特特打游戏❤❤,逆战,E十陈特特,11.1万
https://rpic.douyucdn.cn/live-cover/appCovers/2019/07/29/7316315_20190729172520.jpg,[交友]对面大哥过来玩啊！,交友,王者一日久生情,10.6万
https://rpic.douyucdn.cn/asrpic/191015/2346676_1518.png,成都。。。。 2346676,户外,黑哥户外,10万
https://rpic.douyucdn.cn/asrpic/191015/1814417_1518.png,下午职业队训练赛,王者荣耀,李小锤锤锤,11.1万
https://rpic.douyucdn.cn/asrpic/191015/1667374_1518.png,第一橘子 带粉上荣耀,王者荣耀,木木爱吃橘子,11万
https://rpic.douyucdn.cn/asrpic/191015/1883821_1518.png,单排40-51星！,王者荣耀,陈比克rr,11万
https://rpic.douyucdn.cn/asrpic/191015/6992548_1520.png,浅浅❤孤独的小朋友,一起看,是一只浅浅,9.8万
https://rpic.douyucdn.cn/asrpic/191015/4787961_1514.png,开始螃蟹圆饼大行动,户外,仙岛湖丶清水传奇,9.6万
https://rpic.douyucdn.cn/asrpic/191015/7133491_1520.png,【TGA比赛】 细节五指教学,和平精英,Dy苏仔,11万
https://rpic.douyucdn.cn/asrpic/191015/1883821_1518.png,单排40-51星！,王者荣耀,陈比克rr,10.9万
https://rpic.douyucdn.cn/asrpic/191015/4926024_1519.png,十月：四小花旦之手榴旦！最强女职业选手,绝地求生,十月大魔王呀,10.9万
https://rpic.douyucdn.cn/asrpic/191015/6992548_1520.png,浅浅❤孤独的小朋友,一起看,是一只浅浅,9.8万
https://rpic.douyucdn.cn/asrpic/191015/4787961_1514.png,开始螃蟹圆饼大行动,户外,仙岛湖丶清水传奇,9.6万
https://rpic.douyucdn.cn/asrpic/191015/7405881_1520.png,哈服熊猫人开荒深渊,魔兽怀旧服,黑手丶大酋长,10.9万
https://rpic.douyucdn.cn/asrpic/191015/1147293_1518.png,国服阿轲  寻找富婆的第三天~,王者荣耀,YW丶小灰灰,10.8万
https://rpic.douyucdn.cn/live-cover/roomCover/cover_update/2019/10/14/c38c5beebd3eafd9c549489b0b35701f.jpg,18日14点秋季赛揭幕战Q9-eStar,CF手游,CF手游官方直播间,10.8万
https://rpic.douyucdn.cn/live-cover/roomCover/2019/09/18/ffa5c664a8624215b5858da64e6bfd67_big.png,新主播啦啦啦啦 7406199,颜值,比鼻儿,9.6万
https://rpic.douyucdn.cn/live-cover/appCovers/2019/09/25/7599975_20190925152656_small.jpg,成都萌新主播上线求关注,颜值,BJ赵小贝,9.5万
https://rpic.douyucdn.cn/asrpic/191015/308704_1518.png,命运2！利维坦教学车！,命运2,诶酱油,10.8万
https://rpic.douyucdn.cn/asrpic/191015/5294510_1519.png,带房管双排,王者荣耀,岈崽,10.7万
https://rpic.douyucdn.cn/asrpic/191015/68172_1518.png,快乐风男：学细节里面请,英雄联盟,凉风亚索yasuo,10.7万
https://rpic.douyucdn.cn/live-cover/roomCover/2019/03/01/2cf5e2b77e6deb1ba5d731fda33c63ef_big.jpg,「塔罗牌」今天不舒服大家见谅,颜值,菀离,9.4万
https://rpic.douyucdn.cn/asrpic/191015/4549169_1519.png,「橙子Orange」「港剧」「19点见」,一起看,橙橙子丶剧集舍,9.4万
https://rpic.douyucdn.cn/asrpic/191015/5395708_1509.png,LOGO号带粉，陀螺仪性感女神,和平精英,爽儿丶Summer,10.6万
https://rpic.douyucdn.cn/asrpic/191015/5424690_1519.png,❤❤mama 我要跟特特打游戏❤❤,逆战,E十陈特特,10.6万
https://rpic.douyucdn.cn/live-cover/roomCover/cover_update/2019/09/19/7f1009d2cdb1dce5172c473717cabe0f.jpg,下午大师小号，晚上大号！,lol云顶之弈,菜鸟哟丶,10.6万
https://rpic.douyucdn.cn/live-cover/roomCover/2019/07/23/c223d0784aa99af0e0221f2d07a93fe8.jpg,奥特曼与小怪兽不得不说的故事,二次元,我砸晕了牛顿奥,9.3万
https://rpic.douyucdn.cn/live-cover/appCovers/2019/09/24/7538731_20190924114856.jpg,【交友】本厅由请叫我小明吧！独家冠名！,交友,爱约一倾城佳人i,9.3万
https://rpic.douyucdn.cn/asrpic/191015/5684866_1519.png,老白全渠道疾风4万米,忍者必须死3,很久很久以前的暖阳阳,10.6万
https://rpic.douyucdn.cn/live-cover/roomCover/cover_update/2019/10/09/8176ccebafc69b57b8788195f6031779.jpg,还是比赛好看哇~热血精彩,DNF,DNF海因0206,10.6万
https://rpic.douyucdn.cn/asrpic/191015/4468892_1519.png,看我致命一击ber ber ber !,逆战,渝万丶Dzi,10.5万
https://rpic.douyucdn.cn/live-cover/appCovers/2019/09/06/7525939_20190906183034.jpg,应聘主持联系子鱼,交友,SG一甜蜜等你,9.2万
https://rpic.douyucdn.cn/live-cover/appCovers/2019/08/16/7428933_20190816191724.jpg,初次见面请多多关照～,交友,MK一女生宿舍,9.2万
https://rpic.douyucdn.cn/asrpic/191015/682821_1518.png,电竞少女懒妹无敌ADC点爆三路,王者荣耀,苏小懒38D,10.5万
https://rpic.douyucdn.cn/asrpic/191015/5943281_1519.png,【阿俊】恐怖游戏~很好看,恐怖游戏,阿俊丶ll,10.5万
https://rpic.douyucdn.cn/asrpic/191015/1065655_1518.png,斗鱼第一背影,英雄联盟,天仙老婆呀,10.4万
https://rpic.douyucdn.cn/asrpic/191015/6603007_1493920_4b9c0_2_1517.jpg,你可以晚点到 但是一定要来呀,颜值,贤妹呀i,9.2万
https://rpic.douyucdn.cn/asrpic/191015/7029806_1520.png,❤猪酱❤话痨主播了解一下,一起看,小猪酱啊,9.1万
https://rpic.douyucdn.cn/live-cover/roomCover/cover_update/2019/09/24/a3783998364e988d1a4a7f1cebaa9876.jpg,细到极致的攻略及操作,lol云顶之弈,英俊潇洒小胖墩,10.4万
https://rpic.douyucdn.cn/asrpic/191015/942537_1518.png,零基础象棋教学课堂,中国象棋,骄阳象棋,10.3万
https://rpic.douyucdn.cn/asrpic/191015/707488_1518.png,下午mc水友团 范服水友团收人,魔兽怀旧服,璀璨星辰弈,10.3万
https://rpic.douyucdn.cn/live-cover/roomCover/2019/09/19/b52db31c8bd75322561d4adea117fe73.png,新人热舞主播点点关注呀,舞蹈,欧诺Alisa,9.1万
https://rpic.douyucdn.cn/live-cover/appCovers/2019/10/07/7450026_20191007164741_small.jpg,冲冲冲!!! 7450026,颜值,ALing阿伶,9万
https://rpic.douyucdn.cn/live-cover/roomCover/cover_update/2018/12/17/a94a99a03cb4f79f3477253dc4f2bec6.png,自由之翼招新下赛季实力可撞任何盟,率土之滨,我就是泡菜,10.3万
https://rpic.douyucdn.cn/asrpic/191015/4581422_1519.png,欢乐一天~~从看菜卿开始~^O^,英雄杀,迷人的卿姐姐i,10.3万
https://rpic.douyucdn.cn/asrpic/191015/3258_1518.png,VARENA CDEC-VGP,DOTA2,杰出哥,10.3万
https://rpic.douyucdn.cn/live-cover/appCovers/2019/09/28/7139496_20190928042852.jpg,[交友]嗨玩一空空如也这也太好玩了吧,交友,嗨玩一空空如也,9万
https://rpic.douyucdn.cn/live-cover/appCovers/2019/09/19/7453298_20190919082828_small.jpg,被人偏袒的那瞬间，世界都温柔了,颜值,你的小雪糕o,8.8万
https://rpic.douyucdn.cn/asrpic/191015/2134331_1518.png,斗鱼第一嫦娥！  声音超暖！,王者荣耀,老杨宠溺小咩咩,10.3万
https://rpic.douyucdn.cn/asrpic/191015/5973666_1519.png,模拟战战队内战,王者荣耀,QG丶爱晨潇,10.2万
https://rpic.douyucdn.cn/live-cover/roomCover/cover_update/2019/10/10/f0a09392cd9cf0f8ed0901b8a823feaf.jpg,法术小姐姐教你如何引导发牌员~,lol云顶之弈,佐佐佐小姐,10.2万
https://rpic.douyucdn.cn/live-cover/appCovers/2019/09/28/6132887_20190928235948.jpg,诗和远方，孤独烈酒！故事与你，长情告白！,交友,觅爱追欢i,8.8万
https://rpic.douyucdn.cn/live-cover/appCovers/2019/10/04/7618959_20191004145319.jpg,清纯校花接档了,交友,虹烁一致命诱惑,8.8万
https://rpic.douyucdn.cn/asrpic/191015/253204_1518.png,[声优]不好看就举报OvO,探灵笔记,暖冬,10.2万
https://rpic.douyucdn.cn/asrpic/191015/444360_1518.png,收到发自(科技美学)的快递，下午开箱。,数码科技,蓝海龙腾,10.2万
https://rpic.douyucdn.cn/live-cover/roomCover/cover_update/2019/10/14/bf193ae0fc388bb3f4c205a281fb3e97.png,QG战队训练赛！神仙打架,王者荣耀,QG摇摆哥,10.2万
https://rpic.douyucdn.cn/live-cover/appCovers/2019/08/22/2185407_20190822124832_small.jpg,我不管我最皮,颜值,白猫姐姐o,8.8万
https://rpic.douyucdn.cn/live-cover/appCovers/2019/02/01/5488542_20190201191704.jpg,录播-百变女嗓7甜酱,电台,七甜Sakura,8.6万
https://rpic.douyucdn.cn/asrpic/191015/6902167_1520.png,晚上写配置，白天装机,数码科技,重庆IT超市,10.2万
https://rpic.douyucdn.cn/live-cover/roomCover/cover_update/2019/10/14/8b0355afa945dc73ebf83b1340b0d572.png,新主播大牛，大家点点订阅哈,王者荣耀,QG大牛,10.2万
https://rpic.douyucdn.cn/asrpic/191015/3903578_1519.png,四小花旦之燃烧旦,绝地求生,Angelabiubiu丶,10.1万
https://rpic.douyucdn.cn/asrpic/191015/7136517_1520.png,我回来啦~~陪伴是最长情的告白,一起看,鹿九酱,8.6万
https://rpic.douyucdn.cn/asrpic/191015/2758565_1519.png,【牛叔】几分钟看完各种美国大片,一起看,牛叔说电影,8.6万
https://rpic.douyucdn.cn/asrpic/191015/7621455_1520.png,赛季末帮真爱粉上王者,王者荣耀,小象郁白,10.1万
https://rpic.douyucdn.cn/asrpic/191015/5792609_1519.png,"实况RNG欧服排位,RNG上校OB",英雄联盟,RNG上校OB皇族RYL不放弃,10万
https://rpic.douyucdn.cn/asrpic/191015/727215_1518.png,皇冠路人局场均20杀、飞机包天上分上号,和平精英,七岚丶,10万
https://rpic.douyucdn.cn/live-cover/appCovers/2019/09/29/6553132_20190929173906.jpg,SR一仙女坞交友现场,交友,SR一仙女坞,8.6万
https://rpic.douyucdn.cn/live-cover/roomCover/2019/10/05/fd6366053c9d1ecc9b6335517787d40a_big.png,逗比界里的女神，女神界里的逗比。,颜值,范范是我吖,8.6万
https://rpic.douyucdn.cn/asrpic/191015/6906_1518.png,三国战纪系列 告别单身手速30年,怀旧游戏,宋先生,9.9万
https://rpic.douyucdn.cn/asrpic/191015/22690_1518.png,勤劳的小主播来了,穿越火线,CFxiubii,9.9万
https://rpic.douyucdn.cn/asrpic/191015/2732154_1519.png,17.9e的+12你见过吗,DNF,鹅的一家,9.8万
https://rpic.douyucdn.cn/live-cover/appCovers/2019/10/07/6602921_20191007172522_small.jpg,再靠近一点点 6602921,颜值,不可爱的尤拉o,8.6万
https://rpic.douyucdn.cn/asrpic/191015/7519112_1520.png,梦可呦的直播间,一起看,梦可呦,8.5万
https://rpic.douyucdn.cn/asrpic/191015/60062_1518.png,卷毛：今天只玩Q！,英雄联盟,风中追风Fzz1,9.8万
https://rpic.douyucdn.cn/asrpic/191015/1030238_1518.png,原创赌VN，赌贵族冷门上分套路,lol云顶之弈,云底之弈,9.8万
https://rpic.douyucdn.cn/asrpic/191015/5469826_1519.png,天神 冰雪-攻速战斗机,传奇,百战无畏惧,9.8万
https://rpic.douyucdn.cn/asrpic/191015/96577_1518.png,❤️小U❤️丧尸 鬼片 恐怖 惊悚 电影,一起看,UU娇哒哒呀,8.3万
https://rpic.douyucdn.cn/asrpic/191015/248753_1518.png,【s1134】经典 科幻 动作 灾难,一起看,s1134,8.2万
https://rpic.douyucdn.cn/live-cover/roomCover/cover_update/2019/07/30/ba3162549aa2b33bbd40dba53b31f566.jpg,今天是风魔豪.秀到你头皮发麻！！,王牌战士,陈小豪哟,9.7万
https://rpic.douyucdn.cn/live-cover/roomCover/cover_update/2019/08/30/9575ef2dfcaa67e622e6956834e85e5e.jpg,新赛季冲冲冲~ 4834021,王牌战士,流木LM,9.7万
https://rpic.douyucdn.cn/asrpic/191015/3914599_1504.png,QESL全游电竞联赛城市赛成都站,绝地求生,全游电竞,9.7万
https://rpic.douyucdn.cn/live-cover/appCovers/2019/09/20/7144489_20190920090023_small.jpg,你的小可爱已上线 7144489,颜值,鹿慢慢丶,8万
https://rpic.douyucdn.cn/asrpic/191015/7305938_1520.png,【云宝】佛系主播 在线陪看,一起看,是云宝呢,7.9万
https://rpic.douyucdn.cn/asrpic/191015/6583631_1519.png,【第一阿珂】一波连胜上荣耀,王者荣耀,菊花666丶,9.6万
https://rpic.douyucdn.cn/asrpic/191015/105415_1518.png,刘备教科书，刘小备,王者荣耀,刘小备105415,9.6万
https://rpic.douyucdn.cn/asrpic/191015/4750588_1519.png,公孙离：满血复活 无敌可爱,王者荣耀,句星,9.6万
https://rpic.douyucdn.cn/live-cover/appCovers/2019/09/25/4905916_20190925113538_small.jpg,开心就好吧 4905916,颜值,黎三三岁,7.9万
https://rpic.douyucdn.cn/asrpic/191015/7562568_1520.png,这谁能顶得住呀,舞蹈,珑儿mm,7.8万
https://rpic.douyucdn.cn/asrpic/191015/22198_1513.png,【老虎】怪物猎人世界 冰原,怪物猎人,老虎SaMa丶,9.6万
https://rpic.douyucdn.cn/asrpic/191015/5301378_1519.png,等待一个上车的你 ~,绝地求生,甜鹿丷,9.6万
https://rpic.douyucdn.cn/asrpic/191015/4499474_1519.png,99胜率李白带粉，办卡上车,王者荣耀,电竞信白丶,9.6万
https://rpic.douyucdn.cn/live-cover/appCovers/2019/09/03/7512156_20190903133623.jpg,斗鱼第一颜值交友做你的女神,交友,爱约一私语告白,7.8万
https://rpic.douyucdn.cn/asrpic/191015/687422_1518.png,三文鱼，开工了。,美食,大连哥俩刺身,7.8万
https://rpic.douyucdn.cn/asrpic/191015/1146975_1513.png,【卡布】射手一姐孙尚香的峡谷日常！,王者荣耀,机智的卡布君,9.5万
https://rpic.douyucdn.cn/live-cover/roomCover/cover_update/2019/10/14/5426abefc347917d566284a831e2ee8a.jpg,什么都会玩 什么都敢玩,lol云顶之弈,与我常在lw,9.5万
https://rpic.douyucdn.cn/asrpic/191015/26764_1518.png,小天真：一只被奶德耽误的咕咕,魔兽怀旧服,小天真么么哒,9.5万
https://rpic.douyucdn.cn/asrpic/191015/545318_1518.png,到三亚咯混起来,户外,搞艺术的二牛,7.8万
https://rpic.douyucdn.cn/live-cover/roomCover/2019/09/19/f9d8b33304e91af054ad681eef127d27.jpg,陪你找到快乐呀 6928036,舞蹈,妞口奈奈子,7.7万
https://rpic.douyucdn.cn/asrpic/191015/251691_1518.png,各种卡莎打法演示,lol云顶之弈,水先生的云顶之弈,9.5万
https://rpic.douyucdn.cn/live-cover/roomCover/cover_update/2019/08/16/44b9625be204a59d0f3ae39280492651.jpg,【晚晚】盐于律己 甜以待人,守望先锋,晚晚呦,9.5万
https://rpic.douyucdn.cn/asrpic/191015/1310783_1518.png,波波♥广州粤语妹子♥满满的正能量~,绝地求生,小呸呸酱,9.5万
https://rpic.douyucdn.cn/asrpic/191015/6217312_1519.png,广西渝万传媒开幕仪式,户外,幺零贰叁,7.7万
https://rpic.douyucdn.cn/asrpic/191015/131977_1518.png,~R-点播！点播！点播！模式！-24H,一起看,刘少丶7012,7.7万
https://rpic.douyucdn.cn/asrpic/191015/1441535_1518.png,强化12 13 增幅 天空！,DNF,舒慧儿,9.5万
https://rpic.douyucdn.cn/asrpic/191015/5103806_1519.png,第一铠王：我就免费带粉丝，咋滴？,王者荣耀,皇玺丶Fly高一刀,9.4万
https://rpic.douyucdn.cn/asrpic/191015/222931_1518.png,听一听、打开人生大格局,鱼教,真的很博通,9.4万
https://rpic.douyucdn.cn/live-cover/appCovers/2019/10/12/7610397_20191012153410_small.jpg,新人糯米第三天打卡！,颜值,一颗软糯米,7.6万
https://rpic.douyucdn.cn/live-cover/roomCover/2019/07/27/286a7ad26aa433420b2db9c1df87eb09.jpg,性感唱跳萌新是你的小宝贝嘛？,舞蹈,李幽凝呐ii,7.6万
https://rpic.douyucdn.cn/asrpic/191015/424559_1518.png,教练徐慢慢古月泽宇解说S9重播,英雄联盟,英雄联盟赛事2,9.4万
https://rpic.douyucdn.cn/asrpic/191015/759071_1518.png,活动中....  防坑 搞机,数码科技,重庆星空数码,9.4万
https://rpic.douyucdn.cn/asrpic/191015/6796568_1520.png,辞瓜皮怪猎开荒，冲冲冲！,怪物猎人,辞无罪,9.3万
https://rpic.douyucdn.cn/asrpic/191015/6849806_1520.png,【小冥】领取今日笑容,一起看,超级厉害的小冥,7.5万
https://rpic.douyucdn.cn/live-cover/appCovers/2019/10/08/7641560_20191008223241.jpg,王者一重点对象的直播间,交友,王者一重点对象,7.5万
https://rpic.douyucdn.cn/asrpic/191015/3357246_1519.png,肖晨吖：回来了回来了,穿越火线,肖晨吖,9.3万
https://rpic.douyucdn.cn/asrpic/191015/3894376_1519.png,猛男腾讯TGA个人赛,和平精英,Dkk呐,9.1万
https://rpic.douyucdn.cn/live-cover/roomCover/cover_update/2018/08/02/c94e60678e298d2e9cd685a81ad285b2.jpg,坐等新门派,剑网3,花舞剑,9.1万
https://rpic.douyucdn.cn/asrpic/191015/7405292_7640478_7aebe_2_1518.jpg,变天啦，记得加衣～7405292,颜值,哈哈哈OJBK哟,7.4万
https://rpic.douyucdn.cn/live-cover/roomCover/2019/08/14/4b1a6c423d68d3216a7da8e7f7dc1ce8_big.png,我回来啦~点进来你超帅~,颜值,就是尖尖兒,7.4万
https://rpic.douyucdn.cn/asrpic/191015/1335990_1513.png,愿喵呜呜护佑着你~,魔兽怀旧服,喵呜呜丷,9.1万
https://rpic.douyucdn.cn/asrpic/191015/3572033_1519.png,出发亚特兰蒂斯,绝地求生,也甜丶,9.1万
https://rpic.douyucdn.cn/asrpic/191015/5251290_1519.png,骑着小摩托去打球，大好天气！,NBA2KOL2,BN丶小偏执,9万
https://rpic.douyucdn.cn/live-cover/appCovers/2019/09/27/7572644_20190927123847.jpg,【交友】一个空降伞冰冰,交友,惠传一皇家壹号,7.4万
https://rpic.douyucdn.cn/live-cover/appCovers/2019/08/06/6730689_20190806003556.jpg,录 最甜美的少女音,电台,小枝zhi,7.2万
https://rpic.douyucdn.cn/asrpic/191015/66197_1518.png,傻豆：大号冲前100,DOTA2,Shadow褚泽宇,9万
https://rpic.douyucdn.cn/asrpic/191015/3520293_1519.png,赛季末王牌冲战神不容错过,和平精英,采臣i,9万
https://rpic.douyucdn.cn/live-cover/roomCover/cover_update/2019/08/26/0e145fe6f7c87c45da9d03f2f63c9405.jpg,听说明天削弱,守望先锋,小光YA,9万
https://rpic.douyucdn.cn/asrpic/191015/5455751_1519.png,仅帅的人可见,二次元,吃饱困zZ,7.2万
https://rpic.douyucdn.cn/asrpic/191015/3439096_1519.png,杀死狄仁杰、活捉燕双鹰！,一起看,当燕双鹰遇见李元芳,7.1万
